<?xml version="1.0" encoding="utf-8"?>
<!DOCTYPE hibernate-configuration PUBLIC
        "-//Hibernate/Hibernate Configuration DTD 3.0//EN"
        "http://hibernate.sourceforge.net/hibernate-configuration-3.0.dtd">
<hibernate-configuration>
    <session-factory>

        <property name="connection.url">jdbc:mysql://localhost:3306/JDBC_AU</property>
        <property name="connection.username">auadmin</property>
        <property name="connection.password">AbhiHydra629@@</property>
        <property name="connection.driver_class">com.mysql.cj.jdbc.Driver</property>

        <!-- Select our SQL dialect -->
        <property name="dialect">org.hibernate.dialect.MySQL5Dialect</property>
        <!-- Echo the SQL to stdout -->
        <property name="show_sql">true</property>
        <property name="format_sql">true</property>

        <!--
            Always create new table and drops the previous one
            <property name="hbm2ddl.auto">create</property>
        -->
        <property name="hbm2ddl.auto">update</property>

        <!-- JDBC connection pool (use the built-in) -->
        <!-- <property name="connection.pool_size">1</property> -->
        <!-- <property name="current_session_context_class">thread</property> -->

        <!-- Linking Person configuration and hbm file -->
        <!-- <mapping resource="person.hbm.xml" /> -->
        <mapping class="com.management.Model.User" />

    </session-factory>
</hibernate-configuration>